edge_id,u,v,capacity,length,free_flow_time,bpr_alpha,bpr_beta,road_class
1,1,2,25900.20064,6.0,6.0,0.15,4.0,highway
2,1,3,23403.47319,4.0,4.0,0.15,4.0,highway
3,2,6,4958.180928,5.0,5.0,0.15,4.0,local
4,3,4,17110.52372,4.0,4.0,0.15,4.0,highway
5,3,12,23403.47319,4.0,4.0,0.15,4.0,highway
6,4,5,17782.7941,2.0,2.0,0.15,4.0,highway
7,4,11,4908.82673,6.0,6.0,0.15,4.0,local
8,5,6,4947.995469,4.0,4.0,0.15,4.0,local
9,5,9,10000.0,5.0,5.0,0.15,4.0,highway
10,6,8,4898.587646,2.0,2.0,0.15,4.0,local
11,7,8,7841.81131,3.0,3.0,0.15,4.0,major
12,7,18,23403.47319,2.0,2.0,0.15,4.0,highway
13,8,9,5050.193156,10.0,10.0,0.15,4.0,major
14,8,16,5045.822583,5.0,5.0,0.15,4.0,major
15,9,10,13915.78842,3.0,3.0,0.15,4.0,highway
16,10,11,10000.0,5.0,5.0,0.15,4.0,highway
17,10,15,13512.00155,6.0,6.0,0.15,4.0,highway
18,10,16,4854.917717,4.0,4.0,0.15,4.0,local
19,10,17,4993.510694,8.0,8.0,0.15,4.0,local
20,11,12,4908.82673,6.0,6.0,0.15,4.0,local
21,11,14,4876.508287,4.0,4.0,0.15,4.0,local
22,12,13,25900.20064,3.0,3.0,0.15,4.0,highway
23,13,24,5091.256152,4.0,4.0,0.15,4.0,major
24,14,15,5127.526119,5.0,5.0,0.15,4.0,major
25,14,23,4924.790605,4.0,4.0,0.15,4.0,local
26,15,19,14564.75315,3.0,3.0,0.15,4.0,highway
27,15,22,9599.180565,3.0,3.0,0.15,4.0,major
28,16,17,5229.910063,2.0,2.0,0.15,4.0,major
29,16,18,19679.89671,3.0,3.0,0.15,4.0,highway
30,17,19,4823.950831,2.0,2.0,0.15,4.0,local
31,18,20,23403.47319,4.0,4.0,0.15,4.0,highway
32,19,20,5002.607563,4.0,4.0,0.15,4.0,local
33,20,21,5059.91234,6.0,6.0,0.15,4.0,major
34,20,22,5075.697193,5.0,5.0,0.15,4.0,major
35,21,22,5229.910063,2.0,2.0,0.15,4.0,major
36,21,24,4885.357564,3.0,3.0,0.15,4.0,local
37,22,23,5000.0,4.0,4.0,0.15,4.0,local
38,23,24,5078.508436,2.0,2.0,0.15,4.0,major
