od_id,origin,destination,h0
1,1,2,100.0
2,1,3,100.0
3,1,4,500.0
4,1,5,200.0
5,1,6,300.0
6,1,7,500.0
7,1,8,800.0
8,1,9,500.0
9,1,10,1300.0
10,1,11,500.0
11,1,12,200.0
12,1,13,500.0
13,1,14,300.0
14,1,15,500.0
15,1,16,500.0
16,1,17,400.0
17,1,18,100.0
18,1,19,300.0
19,1,20,300.0
20,1,21,100.0
21,1,22,400.0
22,1,23,300.0
23,1,24,100.0
24,2,1,100.0
25,2,3,100.0
26,2,4,200.0
27,2,5,100.0
28,2,6,400.0
29,2,7,200.0
30,2,8,400.0
31,2,9,200.0
32,2,10,600.0
33,2,11,200.0
34,2,12,100.0
35,2,13,300.0
36,2,14,100.0
37,2,15,100.0
38,2,16,400.0
39,2,17,200.0
40,2,19,100.0
41,2,20,100.0
42,2,22,100.0
43,3,1,100.0
44,3,2,100.0
45,3,4,200.0
46,3,5,100.0
47,3,6,300.0
48,3,7,100.0
49,3,8,200.0
50,3,9,100.0
51,3,10,300.0
52,3,11,300.0
53,3,12,200.0
54,3,13,100.0
55,3,14,100.0
56,3,15,100.0
57,3,16,200.0
58,3,17,100.0
59,3,22,100.0
60,3,23,100.0
61,4,1,500.0
62,4,2,200.0
63,4,3,200.0
64,4,5,500.0
65,4,6,400.0
66,4,7,400.0
67,4,8,700.0
68,4,9,700.0
69,4,10,1200.0
70,4,11,1400.0
71,4,12,600.0
72,4,13,600.0
73,4,14,500.0
74,4,15,500.0
75,4,16,800.0
76,4,17,500.0
77,4,18,100.0
78,4,19,200.0
79,4,20,300.0
80,4,21,200.0
81,4,22,400.0
82,4,23,500.0
83,4,24,200.0
84,5,1,200.0
85,5,2,100.0
86,5,3,100.0
87,5,4,500.0
88,5,6,200.0
89,5,7,200.0
90,5,8,500.0
91,5,9,800.0
92,5,10,1000.0
93,5,11,500.0
94,5,12,200.0
95,5,13,200.0
96,5,14,100.0
97,5,15,200.0
98,5,16,500.0
99,5,17,200.0
100,5,19,100.0
101,5,20,100.0
102,5,21,100.0
103,5,22,200.0
104,5,23,100.0
105,6,1,300.0
106,6,2,400.0
107,6,3,300.0
108,6,4,400.0
109,6,5,200.0
110,6,7,400.0
111,6,8,800.0
112,6,9,400.0
113,6,10,800.0
114,6,11,400.0
115,6,12,200.0
116,6,13,200.0
117,6,14,100.0
118,6,15,200.0
119,6,16,900.0
120,6,17,500.0
121,6,18,100.0
122,6,19,200.0
123,6,20,300.0
124,6,21,100.0
125,6,22,200.0
126,6,23,100.0
127,6,24,100.0
128,7,1,500.0
129,7,2,200.0
130,7,3,100.0
131,7,4,400.0
132,7,5,200.0
133,7,6,400.0
134,7,8,1000.0
135,7,9,600.0
136,7,10,1900.0
137,7,11,500.0
138,7,12,700.0
139,7,13,400.0
140,7,14,200.0
141,7,15,500.0
142,7,16,1400.0
143,7,17,1000.0
144,7,18,200.0
145,7,19,400.0
146,7,20,500.0
147,7,21,200.0
148,7,22,500.0
149,7,23,200.0
150,7,24,100.0
151,8,1,800.0
152,8,2,400.0
153,8,3,200.0
154,8,4,700.0
155,8,5,500.0
156,8,6,800.0
157,8,7,1000.0
158,8,9,800.0
159,8,10,1600.0
160,8,11,800.0
161,8,12,600.0
162,8,13,600.0
163,8,14,400.0
164,8,15,600.0
165,8,16,2200.0
166,8,17,1400.0
167,8,18,300.0
168,8,19,700.0
169,8,20,900.0
170,8,21,400.0
171,8,22,500.0
172,8,23,300.0
173,8,24,200.0
174,9,1,500.0
175,9,2,200.0
176,9,3,100.0
177,9,4,700.0
178,9,5,800.0
179,9,6,400.0
180,9,7,600.0
181,9,8,800.0
182,9,10,2800.0
183,9,11,1400.0
184,9,12,600.0
185,9,13,600.0
186,9,14,600.0
187,9,15,900.0
188,9,16,1400.0
189,9,17,900.0
190,9,18,200.0
191,9,19,400.0
192,9,20,600.0
193,9,21,300.0
194,9,22,700.0
195,9,23,500.0
196,9,24,200.0
197,10,1,1300.0
198,10,2,600.0
199,10,3,300.0
200,10,4,1200.0
201,10,5,1000.0
202,10,6,800.0
203,10,7,1900.0
204,10,8,1600.0
205,10,9,2800.0
206,10,11,4000.0
207,10,12,2000.0
208,10,13,1900.0
209,10,14,2100.0
210,10,15,4000.0
211,10,16,4400.0
212,10,17,3900.0
213,10,18,700.0
214,10,19,1800.0
215,10,20,2500.0
216,10,21,1200.0
217,10,22,2600.0
218,10,23,1800.0
219,10,24,800.0
220,11,1,500.0
221,11,2,200.0
222,11,3,300.0
223,11,4,1500.0
224,11,5,500.0
225,11,6,400.0
226,11,7,500.0
227,11,8,800.0
228,11,9,1400.0
229,11,10,3900.0
230,11,12,1400.0
231,11,13,1000.0
232,11,14,1600.0
233,11,15,1400.0
234,11,16,1400.0
235,11,17,1000.0
236,11,18,100.0
237,11,19,400.0
238,11,20,600.0
239,11,21,400.0
240,11,22,1100.0
241,11,23,1300.0
242,11,24,600.0
243,12,1,200.0
244,12,2,100.0
245,12,3,200.0
246,12,4,600.0
247,12,5,200.0
248,12,6,200.0
249,12,7,700.0
250,12,8,600.0
251,12,9,600.0
252,12,10,2000.0
253,12,11,1400.0
254,12,13,1300.0
255,12,14,700.0
256,12,15,700.0
257,12,16,700.0
258,12,17,600.0
259,12,18,200.0
260,12,19,300.0
261,12,20,400.0
262,12,21,300.0
263,12,22,700.0
264,12,23,700.0
265,12,24,500.0
266,13,1,500.0
267,13,2,300.0
268,13,3,100.0
269,13,4,600.0
270,13,5,200.0
271,13,6,200.0
272,13,7,400.0
273,13,8,600.0
274,13,9,600.0
275,13,10,1900.0
276,13,11,1000.0
277,13,12,1300.0
278,13,14,600.0
279,13,15,700.0
280,13,16,600.0
281,13,17,500.0
282,13,18,100.0
283,13,19,300.0
284,13,20,600.0
285,13,21,600.0
286,13,22,1300.0
287,13,23,800.0
288,13,24,800.0
289,14,1,300.0
290,14,2,100.0
291,14,3,100.0
292,14,4,500.0
293,14,5,100.0
294,14,6,100.0
295,14,7,200.0
296,14,8,400.0
297,14,9,600.0
298,14,10,2100.0
299,14,11,1600.0
300,14,12,700.0
301,14,13,600.0
302,14,15,1300.0
303,14,16,700.0
304,14,17,700.0
305,14,18,100.0
306,14,19,300.0
307,14,20,500.0
308,14,21,400.0
309,14,22,1200.0
310,14,23,1100.0
311,14,24,400.0
312,15,1,500.0
313,15,2,100.0
314,15,3,100.0
315,15,4,500.0
316,15,5,200.0
317,15,6,200.0
318,15,7,500.0
319,15,8,600.0
320,15,9,1000.0
321,15,10,4000.0
322,15,11,1400.0
323,15,12,700.0
324,15,13,700.0
325,15,14,1300.0
326,15,16,1200.0
327,15,17,1500.0
328,15,18,200.0
329,15,19,800.0
330,15,20,1100.0
331,15,21,800.0
332,15,22,2600.0
333,15,23,1000.0
334,15,24,400.0
335,16,1,500.0
336,16,2,400.0
337,16,3,200.0
338,16,4,800.0
339,16,5,500.0
340,16,6,900.0
341,16,7,1400.0
342,16,8,2200.0
343,16,9,1400.0
344,16,10,4400.0
345,16,11,1400.0
346,16,12,700.0
347,16,13,600.0
348,16,14,700.0
349,16,15,1200.0
350,16,17,2800.0
351,16,18,500.0
352,16,19,1300.0
353,16,20,1600.0
354,16,21,600.0
355,16,22,1200.0
356,16,23,500.0
357,16,24,300.0
358,17,1,400.0
359,17,2,200.0
360,17,3,100.0
361,17,4,500.0
362,17,5,200.0
363,17,6,500.0
364,17,7,1000.0
365,17,8,1400.0
366,17,9,900.0
367,17,10,3900.0
368,17,11,1000.0
369,17,12,600.0
370,17,13,500.0
371,17,14,700.0
372,17,15,1500.0
373,17,16,2800.0
374,17,18,600.0
375,17,19,1700.0
376,17,20,1700.0
377,17,21,600.0
378,17,22,1700.0
379,17,23,600.0
380,17,24,300.0
381,18,1,100.0
382,18,4,100.0
383,18,6,100.0
384,18,7,200.0
385,18,8,300.0
386,18,9,200.0
387,18,10,700.0
388,18,11,200.0
389,18,12,200.0
390,18,13,100.0
391,18,14,100.0
392,18,15,200.0
393,18,16,500.0
394,18,17,600.0
395,18,19,300.0
396,18,20,400.0
397,18,21,100.0
398,18,22,300.0
399,18,23,100.0
400,19,1,300.0
401,19,2,100.0
402,19,4,200.0
403,19,5,100.0
404,19,6,200.0
405,19,7,400.0
406,19,8,700.0
407,19,9,400.0
408,19,10,1800.0
409,19,11,400.0
410,19,12,300.0
411,19,13,300.0
412,19,14,300.0
413,19,15,800.0
414,19,16,1300.0
415,19,17,1700.0
416,19,18,300.0
417,19,20,1200.0
418,19,21,400.0
419,19,22,1200.0
420,19,23,300.0
421,19,24,100.0
422,20,1,300.0
423,20,2,100.0
424,20,4,300.0
425,20,5,100.0
426,20,6,300.0
427,20,7,500.0
428,20,8,900.0
429,20,9,600.0
430,20,10,2500.0
431,20,11,600.0
432,20,12,500.0
433,20,13,600.0
434,20,14,500.0
435,20,15,1100.0
436,20,16,1600.0
437,20,17,1700.0
438,20,18,400.0
439,20,19,1200.0
440,20,21,1200.0
441,20,22,2400.0
442,20,23,700.0
443,20,24,400.0
444,21,1,100.0
445,21,4,200.0
446,21,5,100.0
447,21,6,100.0
448,21,7,200.0
449,21,8,400.0
450,21,9,300.0
451,21,10,1200.0
452,21,11,400.0
453,21,12,300.0
454,21,13,600.0
455,21,14,400.0
456,21,15,800.0
457,21,16,600.0
458,21,17,600.0
459,21,18,100.0
460,21,19,400.0
461,21,20,1200.0
462,21,22,1800.0
463,21,23,700.0
464,21,24,500.0
465,22,1,400.0
466,22,2,100.0
467,22,3,100.0
468,22,4,400.0
469,22,5,200.0
470,22,6,200.0
471,22,7,500.0
472,22,8,500.0
473,22,9,700.0
474,22,10,2600.0
475,22,11,1100.0
476,22,12,700.0
477,22,13,1300.0
478,22,14,1200.0
479,22,15,2600.0
480,22,16,1200.0
481,22,17,1700.0
482,22,18,300.0
483,22,19,1200.0
484,22,20,2400.0
485,22,21,1800.0
486,22,23,2100.0
487,22,24,1100.0
488,23,1,300.0
489,23,3,100.0
490,23,4,500.0
491,23,5,100.0
492,23,6,100.0
493,23,7,200.0
494,23,8,300.0
495,23,9,500.0
496,23,10,1800.0
497,23,11,1300.0
498,23,12,700.0
499,23,13,800.0
500,23,14,1100.0
501,23,15,1000.0
502,23,16,500.0
503,23,17,600.0
504,23,18,100.0
505,23,19,300.0
506,23,20,700.0
507,23,21,700.0
508,23,22,2100.0
509,23,24,700.0
510,24,1,100.0
511,24,4,200.0
512,24,6,100.0
513,24,7,100.0
514,24,8,200.0
515,24,9,200.0
516,24,10,800.0
517,24,11,600.0
518,24,12,500.0
519,24,13,700.0
520,24,14,400.0
521,24,15,400.0
522,24,16,300.0
523,24,17,300.0
524,24,19,100.0
525,24,20,400.0
526,24,21,500.0
527,24,22,1100.0
528,24,23,700.0
