edge_id,u,v,road_class,severity,level_id
4,3,4,highway,1,highway-S1
5,3,12,highway,2,highway-S2
6,4,5,highway,2,highway-S2
9,5,9,highway,2,highway-S2
10,6,8,local,2,local-S2
11,7,8,major,1,major-S1
12,7,18,highway,1,highway-S1
15,9,10,highway,3,highway-S3
16,10,11,highway,2,highway-S2
17,10,15,highway,3,highway-S3
18,10,16,local,1,local-S1
21,11,14,local,2,local-S2
22,12,13,highway,2,highway-S2
23,13,24,major,2,major-S2
24,14,15,major,1,major-S1
26,15,19,highway,2,highway-S2
27,15,22,major,1,major-S1
28,16,17,major,2,major-S2
29,16,18,highway,2,highway-S2
30,17,19,local,1,local-S1
31,18,20,highway,2,highway-S2
36,21,24,local,2,local-S2
37,22,23,local,2,local-S2
